{
  "experiment": "lightgbm_loho",
  "global_metrics": {
    "mae_mean": 31.8051070993676,
    "mae_std": 6.35004244591326,
    "rmse_mean": 39.83301950018663,
    "rmse_std": 4.818282659529365,
    "nde_mean": 0.6657696654666195,
    "nde_std": 0.01412170646136784,
    "sae_mean": 0.8385875864013946,
    "sae_std": 0.10232334890307938
  },
  "per_home_metrics": {
    "home_1": {
      "mae": 31.464732511306394,
      "rmse": 42.80056086321754,
      "nde": 0.6458032507634552,
      "sae": 0.7118878201074939,
      "n_samples": 1132308
    },
    "home_2": {
      "mae": 27.653389822967558,
      "rmse": 35.407716462243,
      "nde": 0.6834271258337556,
      "sae": 0.7684929558044434,
      "n_samples": 337739
    },
    "home_4": {
      "mae": 25.87037982862822,
      "rmse": 34.93112561833789,
      "nde": 0.6604210235466303,
      "sae": 0.9091444761048547,
      "n_samples": 296076
    },
    "home_5": {
      "mae": 42.231926234568235,
      "rmse": 46.19267505694809,
      "nde": 0.6734272617226368,
      "sae": 0.9648250935887869,
      "n_samples": 197369
    }
  },
  "paths": {
    "model_final": "C:\\HackatonInnovAItive\\exports\\lightgbm_loho\\model_final.txt",
    "mae_plot": "C:\\HackatonInnovAItive\\exports\\lightgbm_loho\\mae_per_home.png",
    "error_hist": "C:\\HackatonInnovAItive\\exports\\lightgbm_loho\\error_hist_global.png",
    "feature_importance": "C:\\HackatonInnovAItive\\exports\\lightgbm_loho\\feature_importance.png"
  }
}