{
  "experiment": "lightgbm_hybrid",
  "type": "lightgbm_hybrid_onoff",
  "on_threshold": 15.0,
  "proba_on_threshold": 0.4,
  "global_metrics": {
    "mae_mean": 31.522262184338224,
    "mae_std": 8.039622295414246,
    "rmse_mean": 50.43365332648568,
    "rmse_std": 5.763965475495001,
    "nde_mean": 0.8452915173726341,
    "nde_std": 0.054585414841391795,
    "sae_mean": 0.8253478187217933,
    "sae_std": 0.14149312889990162
  },
  "per_home_metrics": {
    "home_1": {
      "mae": 28.086711423844513,
      "rmse": 51.0867465333705,
      "nde": 0.7708307161584976,
      "sae": 0.6354602811997259,
      "n_samples": 1132308
    },
    "home_2": {
      "mae": 33.56576209415268,
      "rmse": 47.67067536558401,
      "nde": 0.9201223887565908,
      "sae": 0.9327989042464525,
      "n_samples": 337739
    },
    "home_4": {
      "mae": 21.227511865516103,
      "rmse": 43.65894669399601,
      "nde": 0.8254324975854751,
      "sae": 0.7459834483229368,
      "n_samples": 296076
    },
    "home_5": {
      "mae": 43.20906335383959,
      "rmse": 59.318244712992225,
      "nde": 0.8647804669899725,
      "sae": 0.9871486411180581,
      "n_samples": 197369
    }
  },
  "paths": {
    "clf_model": "C:\\HackatonInnovAItive\\exports\\lightgbm_hybrid\\model_clf_final.txt",
    "reg_model": "C:\\HackatonInnovAItive\\exports\\lightgbm_hybrid\\model_reg_final.txt",
    "mae_per_home_png": "C:\\HackatonInnovAItive\\exports\\lightgbm_hybrid\\mae_per_home.png",
    "error_hist_png": "C:\\HackatonInnovAItive\\exports\\lightgbm_hybrid\\error_hist_global.png",
    "fi_reg_png": "C:\\HackatonInnovAItive\\exports\\lightgbm_hybrid\\feature_importance_reg.png",
    "fi_clf_png": "C:\\HackatonInnovAItive\\exports\\lightgbm_hybrid\\feature_importance_clf.png"
  }
}